industry,2017 임금 총액,2018 임금 총액,2019 임금 총액,2020 임금 총액,2021 임금 총액
광업,3713,3835,3977,4325,4415
건설업,2624,2784,2951,3032,3106
제조업,3690,3930,4017,3990,4239
운수업,3156,3357,3476,3530,3795
"전기, 가스, 증기 및 수도사업",6281,6436,6502,6733,6753
정보산업,4122,4277,4463,4613,4796
금융업,5706,6026,6236,6526,6963
"전문, 과학 및 기술 서비스업",4492,4757,4901,4871,5106
"예술, 스포츠 및 여가 관련 서비스업",2512,2684,2819,2873,2994
도매 및 소매업,3049,3214,3372,3423,3551